{
    "precision": 0.8235294117647058,
    "recall": 0.84,
    "f1_score": 0.8316831683168315
}